ID,Prediction
1,0.292252666821968
2,0.34853900064290966
3,0.4875686971985944
4,0.3592741568420309
5,0.32392033033092565
6,0.3536990735243362
7,0.4984299619692875
8,0.2955286080026265
9,0.2986471024397046
10,0.499304010092337
11,0.33230922872920843
12,0.5345924700241121
13,0.5165688023032453
14,0.34853900064290966
15,0.4984299619692875
16,0.48416507120988567
17,0.367883027649097
18,0.38966644748811186
19,0.38068475683868086
20,0.4441994722130666
21,0.4948250089387393
22,0.3140060059400595
23,0.367883027649097
24,0.4891387330702686
25,0.32392033033092565
26,0.3382481530036617
27,0.538349428698451
28,0.4446079094881131
29,0.3091480177445586
30,0.38429365417227657
31,0.32392033033092565
32,0.46747580560107543
33,0.34853900064290966
34,0.3972131429806935
35,0.38429365417227657
36,0.29392492087802874
37,0.5117845787610473
38,0.5023046718932033
39,0.4761733379952393
40,0.30829442664970513
41,0.5165688023032453
42,0.5072094754980853
43,0.516496917720649
44,0.318980279850649
45,0.292252666821968
46,0.4875686971985944
47,0.46735912563836124
48,0.49364219008006716
49,0.43861512727476565
50,0.292252666821968
51,0.32392033033092565
52,0.4984299619692875
53,0.32392033033092565
54,0.3888352772279626
55,0.3222605309411566
56,0.34853900064290966
57,0.3972131429806935
58,0.4781699114447787
59,0.5479997720418147
60,0.4842369626225421
61,0.5347807005750639
62,0.4098175600588312
63,0.3785597131418188
64,0.3540773088650398
65,0.3529982038978378
66,0.44934213158748576
67,0.4231018044946507
68,0.318980279850649
69,0.2969592814205578
70,0.38966644748811186
71,0.5563296632598312
72,0.49322871103629984
73,0.44083814458605136
74,0.35856836898471467
75,0.31567027381936763
76,0.5166858502754675
77,0.499304010092337
78,0.29392492087802874
79,0.5563296632598312
80,0.318980279850649
81,0.4875686971985944
82,0.4446079094881131
83,0.3529982038978378
84,0.5563296632598312
85,0.41168488732647984
86,0.38429365417227657
87,0.5073070558573923
88,0.43485638998738746
89,0.516496917720649
90,0.4441994722130666
91,0.4026484400754671
92,0.4761108591786844
93,0.3239478886608276
94,0.34853900064290966
95,0.4022445211863244
96,0.29392492087802874
97,0.29392492087802874
98,0.4875686971985944
99,0.3140060059400595
100,0.4600961550677704
101,0.4441994722130666
102,0.29392492087802874
103,0.4175834181668489
104,0.46613873238310694
105,0.3785597131418188
106,0.3785597131418188
107,0.29392492087802874
108,0.29392492087802874
109,0.49364219008006716
110,0.3536990735243362
111,0.29392492087802874
112,0.2955286080026265
113,0.4875686971985944
114,0.5253331785438309
115,0.5440156637880879
116,0.29392492087802874
117,0.49322871103629984
118,0.3512381456813339
119,0.48416507120988567
120,0.5166858502754675
121,0.32392033033092565
122,0.367883027649097
123,0.38429365417227657
124,0.49364219008006716
125,0.5165688023032453
126,0.5253331785438309
127,0.3785597131418188
128,0.42929877892597734
129,0.456558621222433
130,0.3536990735243362
131,0.5563296632598312
132,0.43861512727476565
133,0.36967896599326855
134,0.2986471024397046
135,0.28338990305268746
136,0.5347807005750639
137,0.38674515044746716
138,0.516496917720649
139,0.3592741568420309
140,0.46613873238310694
141,0.3785597131418188
142,0.43861512727476565
143,0.456558621222433
144,0.3785597131418188
145,0.4441994722130666
146,0.318980279850649
147,0.5057108006636931
148,0.2969592814205578
149,0.5165688023032453
150,0.367883027649097
151,0.3091480177445586
152,0.34853900064290966
153,0.4231018044946507
154,0.29392492087802874
155,0.3536990735243362
156,0.3382481530036617
157,0.44934213158748576
158,0.318980279850649
159,0.43526296414187965
160,0.3512381456813339
161,0.5117845787610473
162,0.3536990735243362
163,0.26894142136999505
164,0.3754271353013982
165,0.5040920277000773
166,0.5057108006636931
167,0.38429365417227657
168,0.4984299619692875
169,0.318980279850649
170,0.35856836898471467
171,0.30348570989276935
172,0.29392492087802874
173,0.2986471024397046
174,0.5073070558573923
175,0.38429365417227657
176,0.3382481530036617
177,0.3536990735243362
178,0.38966644748811186
179,0.4441994722130666
180,0.4446079094881131
181,0.4441994722130666
182,0.5072814236498392
183,0.36519469087616624
184,0.5165688023032453
185,0.4842369626225421
186,0.499304010092337
187,0.29392492087802874
188,0.33963701444256206
189,0.49364219008006716
190,0.3433361659472678
191,0.34853900064290966
192,0.49322871103629984
193,0.4441994722130666
194,0.5072814236498392
195,0.4984299619692875
196,0.3839023251899034
197,0.4175834181668489
198,0.4446079094881131
199,0.3785597131418188
200,0.4446079094881131
201,0.5166858502754675
202,0.46735912563836124
203,0.45020736473573925
204,0.30110663572544155
205,0.42929877892597734
206,0.3512381456813339
207,0.4441994722130666
208,0.4274096006365117
209,0.5563296632598312
210,0.3785597131418188
211,0.5659072178574562
212,0.5253331785438309
213,0.4446079094881131
214,0.46613873238310694
215,0.32722697290950353
216,0.36519469087616624
217,0.4175834181668489
218,0.38966644748811186
219,0.456558621222433
220,0.3785597131418188
221,0.4446079094881131
222,0.3222605309411566
223,0.43861512727476565
224,0.5117845787610473
225,0.34853900064290966
226,0.5563296632598312
227,0.29392492087802874
228,0.5128692944543177
229,0.5563296632598312
230,0.29392492087802874
231,0.43861512727476565
232,0.49364219008006716
233,0.4600961550677704
234,0.38966644748811186
235,0.4580466156943031
236,0.4441994722130666
237,0.3785597131418188
238,0.3536990735243362
239,0.44934213158748576
240,0.5165688023032453
241,0.43861512727476565
242,0.3785597131418188
243,0.2986471024397046
244,0.45811807317366793
245,0.47311792455706303
246,0.456558621222433
247,0.3888352772279626
248,0.46613873238310694
249,0.3592741568420309
250,0.3536990735243362
251,0.3536990735243362
252,0.3564476399747022
253,0.292252666821968
254,0.4175834181668489
255,0.5165688023032453
256,0.29392492087802874
257,0.5117845787610473
258,0.36967896599326855
259,0.4231018044946507
260,0.5040920277000773
261,0.3536990735243362
262,0.5659072178574562
263,0.4891643586650454
264,0.5221505621232763
265,0.3140060059400595
266,0.45811807317366793
267,0.318980279850649
268,0.29392492087802874
269,0.4549523694235635
270,0.4875686971985944
271,0.4891387330702686
272,0.3839023251899034
273,0.30348570989276935
274,0.49364219008006716
275,0.3536990735243362
276,0.40160465289089325
277,0.32392033033092565
278,0.46367402090691306
279,0.3731654407339019
280,0.49622904710853466
281,0.5165688023032453
282,0.5563296632598312
283,0.3551367868855161
284,0.46747580560107543
285,0.3002655975920692
286,0.3839023251899034
287,0.4717790105213312
288,0.34853900064290966
289,0.45020736473573925
290,0.499304010092337
291,0.45020736473573925
292,0.5563296632598312
293,0.5439731571123325
294,0.5165688023032453
295,0.3140060059400595
296,0.2969592814205578
297,0.499304010092337
298,0.4062158841814792
299,0.538349428698451
300,0.5563296632598312
301,0.5117845787610473
302,0.34853900064290966
303,0.38538960071287104
304,0.34853900064290966
305,0.4891643586650454
306,0.4446079094881131
307,0.4875686971985944
308,0.31115746247225246
309,0.4446079094881131
310,0.43533372236442186
311,0.44083814458605136
312,0.5221505621232763
313,0.5659072178574562
314,0.516496917720649
315,0.3222605309411566
316,0.3536990735243362
317,0.456558621222433
318,0.367883027649097
319,0.4098175600588312
320,0.4446079094881131
321,0.3091480177445586
322,0.3343143161904113
323,0.5740931585870862
324,0.2986471024397046
325,0.43526296414187965
326,0.3839023251899034
327,0.4412373479352707
328,0.38429365417227657
329,0.30348570989276935
330,0.3536990735243362
331,0.49364219008006716
332,0.28338990305268746
333,0.49364219008006716
334,0.4891387330702686
335,0.4984299619692875
336,0.4984299619692875
337,0.38966644748811186
338,0.46735912563836124
339,0.29392492087802874
340,0.4891643586650454
341,0.3839023251899034
342,0.46322664402744024
343,0.5165688023032453
344,0.48416507120988567
345,0.4780980858106179
346,0.4175834181668489
347,0.45020736473573925
348,0.3433361659472678
349,0.292252666821968
350,0.3785597131418188
351,0.44575133556508295
352,0.5659072178574562
353,0.38429365417227657
354,0.538349428698451
355,0.3292929564751642
356,0.318980279850649
357,0.4061464545932355
358,0.49364219008006716
359,0.4984299619692875
360,0.3564476399747022
361,0.46735912563836124
362,0.44016293154524005
363,0.3017823096650118
364,0.49322871103629984
365,0.49364219008006716
366,0.5659072178574562
367,0.5563296632598312
368,0.5221505621232763
369,0.4446079094881131
370,0.49479937403486535
371,0.5073070558573923
372,0.2986471024397046
373,0.29392492087802874
374,0.3222605309411566
375,0.45020736473573925
376,0.516496917720649
377,0.4580466156943031
378,0.46367402090691306
379,0.3091480177445586
380,0.3091480177445586
381,0.4717790105213312
382,0.3536990735243362
383,0.538349428698451
384,0.34853900064290966
385,0.38429365417227657
386,0.38966644748811186
387,0.46613873238310694
388,0.34853900064290966
389,0.5659072178574562
390,0.49322871103629984
391,0.5072814236498392
392,0.4549523694235635
393,0.45020736473573925
394,0.318980279850649
395,0.29392492087802874
396,0.5040920277000773
397,0.5659072178574562
398,0.3382481530036617
399,0.44016293154524005
400,0.4441994722130666
401,0.34853900064290966
402,0.4984299619692875
403,0.34853900064290966
404,0.43533372236442186
405,0.44934213158748576
406,0.35856836898471467
407,0.4984299619692875
408,0.40632894418317195
409,0.4891387330702686
410,0.4672874697352734
411,0.29392492087802874
412,0.43526296414187965
413,0.3536990735243362
414,0.4175834181668489
415,0.5072094754980853
416,0.5479997720418147
417,0.46747580560107543
418,0.4098175600588312
419,0.29392492087802874
420,0.45020736473573925
421,0.45020736473573925
422,0.5347807005750639
423,0.5563296632598312
424,0.3512381456813339
425,0.45020736473573925
426,0.35856836898471467
427,0.43861512727476565
428,0.44016293154524005
429,0.4625945459665829
430,0.318980279850649
431,0.4446079094881131
432,0.38429365417227657
433,0.5073070558573923
434,0.2907904276012042
435,0.4580466156943031
436,0.5040920277000773
437,0.4891387330702686
438,0.5165688023032453
439,0.45020736473573925
440,0.5040920277000773
441,0.3785597131418188
442,0.36379400801052225
443,0.3839023251899034
444,0.4231018044946507
445,0.38068475683868086
446,0.4446079094881131
447,0.38429365417227657
448,0.35856836898471467
449,0.4118037620732557
450,0.38429365417227657
451,0.42745777807111196
452,0.43861512727476565
453,0.538349428698451
454,0.3785597131418188
455,0.4984299619692875
456,0.3140060059400595
457,0.2986471024397046
458,0.4446079094881131
459,0.38966644748811186
460,0.3536990735243362
461,0.538349428698451
462,0.5439731571123325
463,0.3140060059400595
464,0.4842369626225421
465,0.29392492087802874
466,0.4175834181668489
467,0.5563296632598312
468,0.2969592814205578
469,0.3536990735243362
470,0.5563296632598312
471,0.3785597131418188
472,0.45020736473573925
473,0.2986471024397046
474,0.40632894418317195
475,0.4549523694235635
476,0.5253331785438309
477,0.5439731571123325
478,0.3536990735243362
479,0.33963701444256206
480,0.4695309830639362
481,0.44934213158748576
482,0.43526296414187965
483,0.33963701444256206
484,0.32392033033092565
485,0.3091480177445586
486,0.43861512727476565
487,0.3785597131418188
488,0.5040920277000773
489,0.3839023251899034
490,0.3839023251899034
491,0.49479937403486535
492,0.34853900064290966
493,0.5563296632598312
494,0.43861512727476565
495,0.32392033033092565
496,0.43861512727476565
497,0.36519469087616624
498,0.5563296632598312
499,0.4672874697352734
500,0.44934213158748576
501,0.3540773088650398
502,0.3785597131418188
503,0.5166858502754675
504,0.4625945459665829
505,0.4695309830639362
506,0.43861512727476565
507,0.46747580560107543
508,0.29392492087802874
509,0.38429365417227657
510,0.43526296414187965
511,0.30829442664970513
512,0.3536990735243362
513,0.3540773088650398
514,0.38068475683868086
515,0.2955286080026265
516,0.5165688023032453
517,0.4984299619692875
518,0.3091480177445586
519,0.5563296632598312
520,0.34853900064290966
521,0.48416507120988567
522,0.3785597131418188
523,0.4767395501071433
524,0.5072814236498392
525,0.3433361659472678
526,0.40160465289089325
527,0.3536990735243362
528,0.5128692944543177
529,0.3382481530036617
530,0.3382481530036617
531,0.5563296632598312
532,0.5221505621232763
533,0.5345924700241121
534,0.42643103028033663
535,0.28338990305268746
536,0.26894142136999505
537,0.44575133556508295
538,0.5221505621232763
539,0.43485638998738746
540,0.32392033033092565
541,0.45020736473573925
542,0.44934213158748576
543,0.538349428698451
544,0.38003905827351814
545,0.42929877892597734
546,0.3753596414773514
547,0.4441994722130666
548,0.3209436011686867
549,0.5072351078127461
550,0.35856836898471467
551,0.46735912563836124
552,0.4441994722130666
553,0.49364219008006716
554,0.5165688023032453
555,0.46735912563836124
556,0.4780980858106179
557,0.538349428698451
558,0.3091480177445586
559,0.43861512727476565
560,0.4948250089387393
561,0.4984299619692875
562,0.36379400801052225
563,0.4098175600588312
564,0.3529982038978378
565,0.538349428698451
566,0.3536990735243362
567,0.3785597131418188
568,0.5563296632598312
569,0.5659072178574562
570,0.5040920277000773
571,0.38429365417227657
572,0.5165688023032453
573,0.4984299619692875
574,0.47311792455706303
575,0.3839023251899034
576,0.5259616123496269
577,0.499304010092337
578,0.3091480177445586
579,0.44083814458605136
580,0.4717790105213312
581,0.516496917720649
582,0.46735912563836124
583,0.3091480177445586
584,0.538349428698451
585,0.4984299619692875
586,0.34853900064290966
587,0.43526296414187965
588,0.29392492087802874
589,0.292252666821968
590,0.4717790105213312
591,0.4531800258135029
592,0.3753596414773514
593,0.4441994722130666
594,0.39746697994195396
595,0.3592741568420309
596,0.3382481530036617
597,0.37525909462661317
598,0.38966644748811186
599,0.4625945459665829
600,0.3140060059400595
601,0.5563296632598312
602,0.392524762061132
603,0.4441994722130666
604,0.3785597131418188
605,0.42090090232349586
606,0.4875686971985944
607,0.5659072178574562
608,0.34264494420325703
609,0.4984299619692875
610,0.4098175600588312
611,0.4672874697352734
612,0.538349428698451
613,0.5439731571123325
614,0.5439731571123325
615,0.40632894418317195
616,0.4902280137717499
617,0.3536990735243362
618,0.3536990735243362
619,0.4531800258135029
620,0.29076390421404774
621,0.5563296632598312
622,0.34853900064290966
623,0.4729293343097205
624,0.4767395501071433
625,0.3536990735243362
626,0.5259616123496269
627,0.3239478886608276
628,0.3536990735243362
629,0.29392492087802874
630,0.38429365417227657
631,0.5345924700241121
632,0.44016293154524005
633,0.5040920277000773
634,0.46735912563836124
635,0.5165688023032453
636,0.32392033033092565
637,0.36519469087616624
638,0.38429365417227657
639,0.36519469087616624
640,0.34853900064290966
641,0.38538960071287104
642,0.4984299619692875
643,0.3754271353013982
644,0.4875686971985944
645,0.3382481530036617
646,0.3140060059400595
647,0.38429365417227657
648,0.38429365417227657
649,0.3382481530036617
650,0.34853900064290966
651,0.43861512727476565
652,0.38068475683868086
653,0.46613873238310694
654,0.4875686971985944
655,0.32392033033092565
656,0.33963701444256206
657,0.5166858502754675
658,0.5117845787610473
659,0.46735912563836124
660,0.29392492087802874
661,0.4948678427192256
662,0.4891387330702686
663,0.34853900064290966
664,0.38429365417227657
665,0.5221505621232763
666,0.5563296632598312
667,0.29392492087802874
668,0.5563296632598312
669,0.516496917720649
670,0.516496917720649
671,0.516496917720649
672,0.3839023251899034
673,0.553603420873928
674,0.4446079094881131
675,0.36967896599326855
676,0.34853900064290966
677,0.3785597131418188
678,0.3839023251899034
679,0.3536990735243362
680,0.4902280137717499
681,0.32392033033092565
682,0.4891643586650454
683,0.29392492087802874
684,0.31115746247225246
685,0.4175834181668489
686,0.43861512727476565
687,0.3839023251899034
688,0.38966644748811186
689,0.3222605309411566
690,0.538349428698451
691,0.3536990735243362
692,0.5479997720418147
693,0.3839023251899034
694,0.31115746247225246
695,0.4446079094881131
696,0.3536990735243362
697,0.538349428698451
698,0.3433361659472678
699,0.4729293343097205
700,0.499304010092337
701,0.5165688023032453
702,0.4098175600588312
703,0.30110663572544155
704,0.3592741568420309
705,0.3753596414773514
706,0.4441994722130666
707,0.42929877892597734
708,0.45020736473573925
709,0.32392033033092565
710,0.5563296632598312
711,0.36379400801052225
712,0.4446079094881131
713,0.46735912563836124
714,0.3236158492485122
715,0.4116205184750603
716,0.34853900064290966
717,0.3529982038978378
718,0.5117845787610473
719,0.46735912563836124
720,0.5659072178574562
721,0.4098175600588312
722,0.4875686971985944
723,0.3536990735243362
724,0.5166858502754675
725,0.4891643586650454
726,0.4898233418394247
727,0.38966644748811186
728,0.5439731571123325
729,0.43861512727476565
730,0.38966644748811186
731,0.4022445211863244
732,0.5562586122117344
733,0.31115746247225246
734,0.318980279850649
735,0.3536990735243362
736,0.367883027649097
737,0.334949695852493
738,0.30829442664970513
739,0.46735912563836124
740,0.3785597131418188
741,0.538349428698451
742,0.3540773088650398
743,0.47311792455706303
744,0.48416507120988567
745,0.4026484400754671
746,0.5072351078127461
747,0.292252666821968
748,0.4984299619692875
749,0.4875686971985944
750,0.3512381456813339
751,0.38966644748811186
752,0.4984299619692875
753,0.43861512727476565
754,0.4446079094881131
755,0.36379400801052225
756,0.45020736473573925
757,0.33963701444256206
758,0.48538974946040947
759,0.5259616123496269
760,0.5563296632598312
761,0.5563296632598312
762,0.32392033033092565
763,0.42376432896570176
764,0.5563296632598312
765,0.3382481530036617
766,0.32392033033092565
767,0.43861512727476565
768,0.5563296632598312
769,0.4549523694235635
770,0.38966644748811186
771,0.34264494420325703
772,0.3888352772279626
773,0.4902280137717499
774,0.4984299619692875
775,0.32392033033092565
776,0.3536990735243362
777,0.34853900064290966
778,0.3091480177445586
779,0.3536990735243362
780,0.538349428698451
781,0.538349428698451
782,0.4446079094881131
783,0.2955286080026265
784,0.30348570989276935
785,0.3536990735243362
786,0.46735912563836124
787,0.3592741568420309
788,0.292252666821968
789,0.5040920277000773
790,0.3091480177445586
791,0.5740931585870862
792,0.3536990735243362
793,0.46613873238310694
794,0.32392033033092565
795,0.3529982038978378
796,0.4984299619692875
797,0.4891643586650454
798,0.4984299619692875
799,0.4898233418394247
800,0.292252666821968
801,0.4842369626225421
802,0.5072814236498392
803,0.34853900064290966
804,0.49364219008006716
805,0.4026484400754671
806,0.49364219008006716
807,0.32392033033092565
808,0.45020736473573925
809,0.48712206847838024
810,0.3785597131418188
811,0.538349428698451
812,0.49322871103629984
813,0.5165688023032453
814,0.43861512727476565
815,0.3536990735243362
816,0.35856836898471467
817,0.29392492087802874
818,0.49364219008006716
819,0.4638078977986537
820,0.40632894418317195
821,0.3753596414773514
822,0.5072814236498392
823,0.4446079094881131
824,0.38429365417227657
825,0.3536990735243362
826,0.45811807317366793
827,0.34853900064290966
828,0.3536990735243362
829,0.499304010092337
830,0.3433361659472678
831,0.32392033033092565
832,0.29392492087802874
833,0.5439731571123325
834,0.3785597131418188
835,0.44016293154524005
836,0.4984299619692875
837,0.3433361659472678
838,0.3140060059400595
839,0.46747580560107543
840,0.2986471024397046
841,0.45020736473573925
842,0.3839023251899034
843,0.5165688023032453
844,0.5072814236498392
845,0.4441994722130666
846,0.4625945459665829
847,0.36967896599326855
848,0.32392033033092565
849,0.499304010092337
850,0.4446079094881131
851,0.5563296632598312
852,0.4891643586650454
853,0.4780980858106179
854,0.32392033033092565
855,0.5223393285643564
856,0.3289277142536854
857,0.4902280137717499
858,0.38429365417227657
859,0.4875686971985944
860,0.43861512727476565
861,0.38429365417227657
862,0.5887128362526476
863,0.3091480177445586
864,0.5165688023032453
865,0.4098175600588312
866,0.3140060059400595
867,0.34853900064290966
868,0.38429365417227657
869,0.3581879965453701
870,0.44016293154524005
871,0.4984299619692875
872,0.4446079094881131
873,0.49364219008006716
874,0.3536990735243362
875,0.538349428698451
876,0.31115746247225246
877,0.553603420873928
878,0.4231018044946507
879,0.43861512727476565
880,0.3536990735243362
881,0.3382481530036617
882,0.538349428698451
883,0.46367402090691306
884,0.4446079094881131
885,0.38966644748811186
886,0.3289277142536854
887,0.318980279850649
888,0.3785597131418188
889,0.30864729522273515
890,0.456558621222433
891,0.318980279850649
892,0.3753596414773514
893,0.3239478886608276
894,0.38429365417227657
895,0.44547230418719724
896,0.36379400801052225
897,0.38429365417227657
898,0.43861512727476565
899,0.43485638998738746
900,0.43526296414187965
901,0.5347807005750639
902,0.2986471024397046
903,0.3942309107458166
904,0.46747580560107543
905,0.2986471024397046
906,0.30864729522273515
907,0.499304010092337
908,0.38966644748811186
909,0.3140060059400595
910,0.4446079094881131
911,0.3536990735243362
912,0.29392492087802874
913,0.43526296414187965
914,0.5165688023032453
915,0.5563296632598312
916,0.538349428698451
917,0.48416507120988567
918,0.4441994722130666
919,0.3091480177445586
920,0.46367402090691306
921,0.49364219008006716
922,0.44530689341111773
923,0.3785597131418188
924,0.456558621222433
925,0.367883027649097
926,0.49364219008006716
927,0.38429365417227657
928,0.5253587503273092
929,0.29392492087802874
930,0.3839023251899034
931,0.3536990735243362
932,0.29392492087802874
933,0.45020736473573925
934,0.38429365417227657
935,0.5073070558573923
936,0.3091480177445586
937,0.3140060059400595
938,0.5439731571123325
939,0.3284934893870098
940,0.4274096006365117
941,0.42376432896570176
942,0.318980279850649
943,0.5345924700241121
944,0.516496917720649
945,0.4098175600588312
946,0.34853900064290966
947,0.38966644748811186
948,0.4452357923329995
949,0.292252666821968
950,0.34507768892819995
951,0.4875686971985944
952,0.3512381456813339
953,0.5165688023032453
954,0.5563296632598312
955,0.5439731571123325
956,0.28614179144068297
957,0.38429365417227657
958,0.4891643586650454
959,0.3785597131418188
960,0.48416507120988567
961,0.43861512727476565
962,0.37497186954544875
963,0.4672874697352734
964,0.4875686971985944
965,0.44934213158748576
966,0.4231018044946507
967,0.5223393285643564
968,0.4446079094881131
969,0.43526296414187965
970,0.38068475683868086
971,0.48416507120988567
972,0.4446079094881131
973,0.3536990735243362
974,0.38966644748811186
975,0.30348570989276935
976,0.4061464545932355
977,0.3536990735243362
978,0.4891643586650454
979,0.38429365417227657
980,0.44575133556508295
981,0.3536990735243362
982,0.42643103028033663
983,0.4984299619692875
984,0.4441994722130666
985,0.30348570989276935
986,0.3536990735243362
987,0.49364219008006716
988,0.516496917720649
989,0.5166858502754675
990,0.43861512727476565
991,0.4446079094881131
992,0.5563296632598312
993,0.3399772295643747
994,0.3888352772279626
995,0.3839023251899034
996,0.3377233384401626
997,0.38429365417227657
998,0.49364219008006716
999,0.4446079094881131
1000,0.38966644748811186
1001,0.38966644748811186
1002,0.5563296632598312
1003,0.29392492087802874
1004,0.4446079094881131
1005,0.3785597131418188
1006,0.47311792455706303
1007,0.4984299619692875
1008,0.48416507120988567
1009,0.43861512727476565
1010,0.4446079094881131
1011,0.5563296632598312
1012,0.38966644748811186
1013,0.34853900064290966
1014,0.4672874697352734
1015,0.3536990735243362
1016,0.5563296632598312
1017,0.5165688023032453
1018,0.3592741568420309
1019,0.49364219008006716
1020,0.45020736473573925
1021,0.5057108006636931
1022,0.35856836898471467
1023,0.38429365417227657
1024,0.32392033033092565
1025,0.35856836898471467
1026,0.3140060059400595
1027,0.3785597131418188
1028,0.40067631576743007
1029,0.3028206239614314
1030,0.49364219008006716
1031,0.538349428698451
1032,0.3592741568420309
1033,0.49364219008006716
1034,0.3536990735243362
1035,0.516496917720649
1036,0.40160465289089325
1037,0.4441994722130666
1038,0.3753596414773514
1039,0.43526296414187965
1040,0.5165688023032453
1041,0.49322871103629984
1042,0.3536990735243362
1043,0.4026484400754671
1044,0.37497186954544875
1045,0.5563296632598312
1046,0.43526296414187965
1047,0.3839023251899034
1048,0.35856836898471467
1049,0.5259616123496269
1050,0.4446079094881131
1051,0.3382481530036617
1052,0.4842369626225421
1053,0.4446079094881131
1054,0.29392492087802874
1055,0.5073070558573923
1056,0.3942309107458166
1057,0.38429365417227657
1058,0.3839023251899034
1059,0.3091480177445586
1060,0.4446079094881131
1061,0.31115746247225246
1062,0.3512381456813339
1063,0.32392033033092565
1064,0.45020736473573925
1065,0.34853900064290966
1066,0.38966644748811186
1067,0.38966644748811186
1068,0.44934213158748576
1069,0.4902280137717499
1070,0.2986471024397046
1071,0.5563296632598312
1072,0.38966644748811186
1073,0.3140060059400595
1074,0.3433361659472678
1075,0.3512381456813339
1076,0.49364219008006716
1077,0.3536990735243362
1078,0.37497186954544875
1079,0.3529982038978378
1080,0.4231018044946507
1081,0.4446079094881131
1082,0.4274096006365117
1083,0.367883027649097
1084,0.292252666821968
1085,0.456558621222433
1086,0.3888352772279626
1087,0.49364219008006716
1088,0.4625945459665829
1089,0.45020736473573925
1090,0.34853900064290966
1091,0.43861512727476565
1092,0.5117845787610473
1093,0.3536990735243362
1094,0.29392492087802874
1095,0.5165688023032453
1096,0.38429365417227657
1097,0.4580466156943031
1098,0.3839023251899034
1099,0.3239478886608276
1100,0.3140060059400595
1101,0.3536990735243362
1102,0.38966644748811186
1103,0.5618417382049236
1104,0.29392492087802874
1105,0.30829442664970513
1106,0.5128692944543177
1107,0.3785597131418188
1108,0.4780980858106179
1109,0.36967896599326855
1110,0.4446079094881131
1111,0.3839023251899034
1112,0.46747580560107543
1113,0.4984299619692875
1114,0.32392033033092565
1115,0.43526296414187965
1116,0.318980279850649
1117,0.3382481530036617
1118,0.4695309830639362
1119,0.538349428698451
1120,0.4062158841814792
1121,0.38068475683868086
1122,0.4984299619692875
1123,0.5439731571123325
1124,0.3785597131418188
1125,0.38966644748811186
1126,0.4984299619692875
1127,0.4098175600588312
1128,0.4875686971985944
1129,0.49364219008006716
1130,0.3839023251899034
1131,0.3140060059400595
1132,0.5165688023032453
1133,0.49322871103629984
1134,0.5072814236498392
1135,0.5562586122117344
1136,0.32392033033092565
1137,0.49364219008006716
1138,0.43526296414187965
1139,0.2986471024397046
1140,0.4600961550677704
1141,0.43485638998738746
1142,0.38429365417227657
1143,0.318980279850649
1144,0.34853900064290966
1145,0.5439731571123325
1146,0.3536990735243362
1147,0.5165688023032453
1148,0.29392492087802874
1149,0.32392033033092565
1150,0.38028884418842324
1151,0.4274096006365117
1152,0.3091480177445586
1153,0.2986471024397046
1154,0.38429365417227657
1155,0.3839023251899034
1156,0.5117845787610473
1157,0.34853900064290966
1158,0.538349428698451
1159,0.3536990735243362
1160,0.3785597131418188
1161,0.318980279850649
1162,0.3536990735243362
1163,0.5563296632598312
1164,0.38429365417227657
1165,0.499304010092337
1166,0.3289277142536854
1167,0.4446079094881131
1168,0.4948250089387393
1169,0.4446079094881131
1170,0.38966644748811186
1171,0.32392033033092565
1172,0.4898233418394247
1173,0.47311792455706303
1174,0.538349428698451
1175,0.43861512727476565
1176,0.3536990735243362
1177,0.3289277142536854
1178,0.49322871103629984
1179,0.3536990735243362
1180,0.5563296632598312
1181,0.4580466156943031
1182,0.3536990735243362
1183,0.3839023251899034
1184,0.34853900064290966
1185,0.5887128362526476
1186,0.5072094754980853
1187,0.31115746247225246
1188,0.3536990735243362
1189,0.5563296632598312
1190,0.292252666821968
1191,0.3972131429806935
1192,0.4984299619692875
1193,0.4672874697352734
1194,0.4984299619692875
1195,0.2986471024397046
1196,0.3536990735243362
1197,0.4441994722130666
1198,0.44016293154524005
1199,0.3002655975920692
1200,0.38966644748811186
1201,0.3512381456813339
1202,0.499304010092337
1203,0.292252666821968
1204,0.38966644748811186
1205,0.5659072178574562
1206,0.499304010092337
1207,0.38966644748811186
1208,0.5659072178574562
1209,0.45811807317366793
1210,0.5563296632598312
1211,0.4446079094881131
1212,0.38429365417227657
1213,0.36379400801052225
1214,0.4672874697352734
1215,0.4600961550677704
1216,0.3753596414773514
1217,0.4441994722130666
1218,0.38429365417227657
1219,0.44016293154524005
1220,0.5073070558573923
1221,0.4875686971985944
1222,0.5072094754980853
1223,0.4875686971985944
1224,0.38429365417227657
1225,0.4446079094881131
1226,0.34853900064290966
1227,0.34853900064290966
1228,0.5223393285643564
1229,0.3785597131418188
1230,0.318980279850649
1231,0.3091480177445586
1232,0.38068475683868086
1233,0.3091480177445586
1234,0.4446079094881131
1235,0.367883027649097
1236,0.538349428698451
1237,0.3810666105710518
1238,0.3017823096650118
1239,0.5165688023032453
1240,0.4175834181668489
1241,0.3839023251899034
1242,0.3785597131418188
1243,0.49364219008006716
1244,0.5563296632598312
1245,0.38429365417227657
1246,0.3785597131418188
1247,0.4274096006365117
1248,0.4231018044946507
1249,0.49622904710853466
1250,0.2986471024397046
1251,0.4672874697352734
1252,0.41974268016656197
1253,0.29392492087802874
1254,0.36379400801052225
1255,0.5166858502754675
1256,0.43861512727476565
1257,0.4441994722130666
1258,0.4875686971985944
1259,0.43300963895734423
1260,0.44934213158748576
1261,0.43861512727476565
1262,0.4441994722130666
1263,0.49322871103629984
1264,0.43861512727476565
1265,0.32392033033092565
1266,0.37497186954544875
1267,0.31115746247225246
1268,0.29392492087802874
1269,0.5659072178574562
1270,0.4984299619692875
1271,0.43861512727476565
1272,0.4580466156943031
1273,0.4948250089387393
1274,0.4098175600588312
1275,0.5563296632598312
1276,0.3785597131418188
1277,0.4891387330702686
1278,0.3785597131418188
1279,0.3785597131418188
1280,0.43526296414187965
1281,0.30348570989276935
1282,0.43861512727476565
1283,0.318980279850649
1284,0.33963701444256206
1285,0.34853900064290966
1286,0.2986471024397046
1287,0.4902280137717499
1288,0.4891387330702686
1289,0.4984299619692875
1290,0.43861512727476565
1291,0.3540773088650398
1292,0.48416507120988567
1293,0.4118037620732557
1294,0.34507768892819995
1295,0.3512381456813339
1296,0.3433361659472678
1297,0.4767395501071433
1298,0.3785597131418188
1299,0.34853900064290966
1300,0.4441994722130666
1301,0.4891643586650454
1302,0.3091480177445586
1303,0.4446079094881131
1304,0.4875686971985944
1305,0.5563296632598312
1306,0.3222605309411566
1307,0.33963701444256206
1308,0.4984299619692875
1309,0.3839023251899034
1310,0.49322871103629984
1311,0.3140060059400595
1312,0.34411643242909046
1313,0.3140060059400595
1314,0.3536990735243362
1315,0.3753596414773514
1316,0.5563296632598312
1317,0.5345924700241121
1318,0.3091480177445586
1319,0.4984299619692875
1320,0.5072094754980853
1321,0.3839023251899034
1322,0.43861512727476565
1323,0.29392492087802874
1324,0.49364219008006716
1325,0.5439731571123325
1326,0.5563296632598312
1327,0.43526296414187965
1328,0.29392492087802874
1329,0.33963701444256206
1330,0.34507768892819995
1331,0.4446079094881131
1332,0.3512381456813339
1333,0.4875686971985944
1334,0.5563296632598312
1335,0.4984299619692875
1336,0.3289277142536854
1337,0.43300963895734423
1338,0.3536990735243362
1339,0.49364219008006716
1340,0.49364219008006716
1341,0.4274096006365117
1342,0.30829442664970513
1343,0.4175834181668489
1344,0.5345924700241121
1345,0.5345924700241121
1346,0.4118037620732557
1347,0.38966644748811186
1348,0.46367402090691306
1349,0.38003905827351814
1350,0.4580466156943031
1351,0.5345924700241121
1352,0.48416507120988567
1353,0.4984299619692875
1354,0.43533372236442186
1355,0.4984299619692875
1356,0.3091480177445586
1357,0.318980279850649
1358,0.3581879965453701
1359,0.48538974946040947
1360,0.4761733379952393
1361,0.49322871103629984
1362,0.43861512727476565
1363,0.34853900064290966
1364,0.5563296632598312
1365,0.5057108006636931
1366,0.38966644748811186
1367,0.32392033033092565
1368,0.3753596414773514
1369,0.38429365417227657
1370,0.29392492087802874
1371,0.38429365417227657
1372,0.3540773088650398
1373,0.34853900064290966
1374,0.4580466156943031
1375,0.2969592814205578
1376,0.318980279850649
1377,0.38429365417227657
1378,0.5223393285643564
1379,0.4898233418394247
1380,0.3536990735243362
1381,0.5165688023032453
1382,0.42929877892597734
1383,0.4116205184750603
1384,0.3222605309411566
1385,0.4175834181668489
1386,0.44530689341111773
1387,0.3536990735243362
1388,0.5072094754980853
1389,0.5563296632598312
1390,0.43861512727476565
1391,0.46735912563836124
1392,0.3536990735243362
1393,0.5221505621232763
1394,0.29392492087802874
1395,0.44016293154524005
1396,0.3091480177445586
1397,0.46747580560107543
1398,0.29392492087802874
1399,0.3839023251899034
1400,0.5563296632598312
1401,0.4549523694235635
1402,0.44016293154524005
1403,0.38429365417227657
1404,0.4891643586650454
1405,0.3536990735243362
1406,0.38068475683868086
1407,0.44934213158748576
1408,0.39746697994195396
1409,0.5659072178574562
1410,0.5072351078127461
1411,0.4441994722130666
1412,0.47311792455706303
1413,0.516496917720649
1414,0.43861512727476565
1415,0.29392492087802874
1416,0.538349428698451
1417,0.3312553415702802
1418,0.38966644748811186
1419,0.34853900064290966
1420,0.292252666821968
1421,0.4984299619692875
1422,0.538349428698451
1423,0.4441994722130666
1424,0.43861512727476565
1425,0.3839023251899034
1426,0.4549523694235635
1427,0.4891387330702686
1428,0.49364219008006716
1429,0.456558621222433
1430,0.516496917720649
1431,0.28338990305268746
1432,0.5563296632598312
1433,0.4446079094881131
1434,0.43861512727476565
1435,0.38966644748811186
1436,0.29587779428519884
1437,0.2969592814205578
1438,0.3536990735243362
1439,0.367883027649097
1440,0.34853900064290966
1441,0.517024144793361
1442,0.5479997720418147
1443,0.36379400801052225
1444,0.34853900064290966
1445,0.32392033033092565
1446,0.34860436328128896
1447,0.44934213158748576
1448,0.516496917720649
1449,0.4441994722130666
1450,0.38068475683868086
1451,0.4984299619692875
1452,0.5563296632598312
1453,0.4984299619692875
1454,0.4898233418394247
1455,0.3839023251899034
1456,0.499304010092337
1457,0.5057108006636931
1458,0.538349428698451
1459,0.4875686971985944
1460,0.367883027649097
1461,0.3433361659472678
1462,0.5165688023032453
1463,0.5563296632598312
1464,0.4580466156943031
1465,0.292252666821968
1466,0.318980279850649
1467,0.4549523694235635
1468,0.44016293154524005
1469,0.517024144793361
1470,0.34853900064290966
1471,0.538349428698451
1472,0.3091480177445586
1473,0.4875686971985944
1474,0.38429365417227657
1475,0.3785597131418188
1476,0.5563296632598312
1477,0.38429365417227657
1478,0.38429365417227657
1479,0.38429365417227657
1480,0.5563296632598312
1481,0.3957784507194054
1482,0.3753596414773514
1483,0.34853900064290966
1484,0.38966644748811186
1485,0.5563296632598312
1486,0.3536990735243362
1487,0.3839023251899034
1488,0.36379400801052225
1489,0.3292929564751642
1490,0.38966644748811186
1491,0.5563296632598312
1492,0.5166858502754675
1493,0.44016293154524005
1494,0.38429365417227657
1495,0.4891387330702686
1496,0.29392492087802874
1497,0.3091480177445586
1498,0.43526296414187965
1499,0.5223393285643564
1500,0.3536990735243362
1501,0.5165688023032453
1502,0.34853900064290966
1503,0.3382481530036617
1504,0.5073070558573923
1505,0.43861512727476565
1506,0.3839023251899034
1507,0.4984299619692875
1508,0.3785597131418188
1509,0.5259616123496269
1510,0.42929877892597734
1511,0.29392492087802874
1512,0.3140060059400595
1513,0.34853900064290966
1514,0.4441994722130666
1515,0.3753596414773514
1516,0.5659072178574562
1517,0.38429365417227657
1518,0.4441994722130666
1519,0.43861512727476565
1520,0.43861512727476565
1521,0.46735912563836124
1522,0.30348570989276935
1523,0.45020736473573925
1524,0.4672874697352734
1525,0.4441994722130666
1526,0.38966644748811186
1527,0.318980279850649
1528,0.5072094754980853
1529,0.4891643586650454
1530,0.4984299619692875
1531,0.38429365417227657
1532,0.4891643586650454
1533,0.4898233418394247
1534,0.46747580560107543
1535,0.31115746247225246
1536,0.4581500010774847
1537,0.45020736473573925
1538,0.516496917720649
1539,0.3785597131418188
1540,0.38966644748811186
1541,0.5563296632598312
1542,0.32392033033092565
1543,0.3382481530036617
1544,0.46747580560107543
1545,0.33963701444256206
1546,0.4441994722130666
1547,0.5165688023032453
1548,0.4446079094881131
1549,0.34853900064290966
1550,0.4984299619692875
1551,0.456558621222433
1552,0.3839023251899034
1553,0.3785597131418188
1554,0.5563296632598312
1555,0.32392033033092565
1556,0.5072814236498392
1557,0.420836123263879
1558,0.4446079094881131
1559,0.32392033033092565
1560,0.2986471024397046
1561,0.5563296632598312
1562,0.5223393285643564
1563,0.36967896599326855
1564,0.3536990735243362
1565,0.4625945459665829
1566,0.367883027649097
1567,0.5440156637880879
1568,0.4672874697352734
1569,0.30348570989276935
1570,0.538349428698451
1571,0.2986471024397046
1572,0.5259616123496269
1573,0.28611552100473886
1574,0.318980279850649
1575,0.36379400801052225
1576,0.34853900064290966
1577,0.4891643586650454
1578,0.48416507120988567
1579,0.45020736473573925
1580,0.3536990735243362
1581,0.3536990735243362
1582,0.538349428698451
1583,0.4729293343097205
1584,0.5659072178574562
1585,0.43526296414187965
1586,0.3536990735243362
1587,0.516496917720649
1588,0.3785597131418188
1589,0.3839023251899034
1590,0.30829442664970513
1591,0.46613873238310694
1592,0.2986471024397046
1593,0.4625945459665829
1594,0.4672874697352734
1595,0.538349428698451
1596,0.4446079094881131
1597,0.38538960071287104
1598,0.3839023251899034
1599,0.3785597131418188
1600,0.44083814458605136
1601,0.4625945459665829
1602,0.4446079094881131
1603,0.45020736473573925
1604,0.5165688023032453
1605,0.38429365417227657
1606,0.41168488732647984
1607,0.516496917720649
1608,0.44016293154524005
1609,0.516496917720649
1610,0.32392033033092565
1611,0.30829442664970513
1612,0.45020736473573925
1613,0.4446079094881131
1614,0.3536990735243362
1615,0.44934213158748576
1616,0.38966644748811186
1617,0.5040920277000773
1618,0.5659072178574562
1619,0.2986471024397046
1620,0.538349428698451
1621,0.43861512727476565
1622,0.538349428698451
1623,0.28338990305268746
1624,0.38429365417227657
1625,0.516496917720649
1626,0.46613873238310694
1627,0.3140060059400595
1628,0.5563296632598312
1629,0.4441994722130666
1630,0.4446079094881131
1631,0.4446079094881131
1632,0.3140060059400595
1633,0.38003905827351814
1634,0.5072094754980853
1635,0.40632894418317195
1636,0.38429365417227657
1637,0.5117845787610473
1638,0.5440156637880879
1639,0.516496917720649
1640,0.3785597131418188
1641,0.3785597131418188
1642,0.48538974946040947
1643,0.4984299619692875
1644,0.3942309107458166
1645,0.538349428698451
1646,0.41761469822522235
1647,0.42745777807111196
1648,0.42745777807111196
1649,0.4446079094881131
1650,0.45020736473573925
1651,0.5072094754980853
1652,0.49364219008006716
1653,0.29392492087802874
1654,0.516496917720649
1655,0.5165688023032453
1656,0.39746697994195396
1657,0.5072814236498392
1658,0.4446079094881131
1659,0.4984299619692875
1660,0.3785597131418188
1661,0.3091480177445586
1662,0.35856836898471467
1663,0.318980279850649
1664,0.34853900064290966
1665,0.29392492087802874
1666,0.38966644748811186
1667,0.49364219008006716
1668,0.538349428698451
1669,0.5166858502754675
1670,0.45020736473573925
1671,0.37497186954544875
1672,0.34853900064290966
1673,0.38429365417227657
1674,0.3536990735243362
1675,0.318980279850649
1676,0.5040920277000773
1677,0.5253587503273092
1678,0.3382481530036617
1679,0.3839023251899034
1680,0.3140060059400595
1681,0.38429365417227657
1682,0.516496917720649
1683,0.43861512727476565
1684,0.32392033033092565
1685,0.538349428698451
1686,0.29392492087802874
1687,0.43861512727476565
1688,0.4984299619692875
1689,0.5439731571123325
1690,0.44934213158748576
1691,0.45020736473573925
1692,0.43861512727476565
1693,0.4175834181668489
1694,0.29392492087802874
1695,0.367883027649097
1696,0.4441994722130666
1697,0.3839023251899034
1698,0.39746697994195396
1699,0.292252666821968
1700,0.3753596414773514
1701,0.4441994722130666
1702,0.538349428698451
1703,0.4580466156943031
1704,0.43296130897438584
1705,0.3536990735243362
1706,0.4239490833791687
1707,0.48416507120988567
1708,0.32392033033092565
1709,0.4022445211863244
1710,0.3536990735243362
1711,0.5345924700241121
1712,0.49364219008006716
1713,0.38429365417227657
1714,0.4781699114447787
1715,0.4984299619692875
1716,0.3536990735243362
1717,0.3091480177445586
1718,0.3512381456813339
1719,0.5165688023032453
1720,0.38429365417227657
1721,0.29392492087802874
1722,0.49364219008006716
1723,0.3140060059400595
1724,0.2907904276012042
1725,0.31115746247225246
1726,0.34853900064290966
1727,0.4274096006365117
1728,0.3222605309411566
1729,0.41168488732647984
1730,0.5165688023032453
1731,0.3839023251899034
1732,0.4948678427192256
1733,0.3785597131418188
1734,0.3140060059400595
1735,0.43861512727476565
1736,0.5659072178574562
1737,0.44083814458605136
1738,0.40632894418317195
1739,0.4875686971985944
1740,0.3785597131418188
1741,0.29392492087802874
1742,0.47311792455706303
1743,0.4984299619692875
1744,0.3785597131418188
1745,0.5040920277000773
1746,0.5563296632598312
1747,0.5563296632598312
1748,0.38068475683868086
1749,0.45020736473573925
1750,0.5057108006636931
1751,0.5072094754980853
1752,0.2986471024397046
1753,0.2986471024397046
1754,0.3536990735243362
1755,0.5439731571123325
1756,0.5563296632598312
1757,0.38429365417227657
1758,0.516496917720649
1759,0.26894142136999505
1760,0.2986471024397046
1761,0.45020736473573925
1762,0.2986471024397046
1763,0.4061464545932355
1764,0.39728206707545904
1765,0.33963701444256206
1766,0.32392033033092565
1767,0.4446079094881131
1768,0.4441994722130666
1769,0.38429365417227657
1770,0.43861512727476565
1771,0.2986471024397046
1772,0.44934213158748576
1773,0.33963701444256206
1774,0.45020736473573925
1775,0.5345924700241121
1776,0.46747580560107543
1777,0.26894142136999505
1778,0.3839023251899034
1779,0.3839023251899034
1780,0.4672874697352734
1781,0.3091480177445586
1782,0.44934213158748576
1783,0.43526296414187965
1784,0.2986471024397046
1785,0.5073070558573923
1786,0.3536990735243362
1787,0.34853900064290966
1788,0.5345924700241121
1789,0.5221505621232763
1790,0.44083814458605136
1791,0.538349428698451
1792,0.43526296414187965
1793,0.38966644748811186
1794,0.2969592814205578
1795,0.38966644748811186
1796,0.5023046718932033
1797,0.4098175600588312
1798,0.5072094754980853
1799,0.4175834181668489
1800,0.4984299619692875
1801,0.46735912563836124
1802,0.29392492087802874
1803,0.3785597131418188
1804,0.4580466156943031
1805,0.38068475683868086
1806,0.3536990735243362
1807,0.4984299619692875
1808,0.5440156637880879
1809,0.28338990305268746
1810,0.5563296632598312
1811,0.29392492087802874
1812,0.5165688023032453
1813,0.36967896599326855
1814,0.32392033033092565
1815,0.3536990735243362
1816,0.4984299619692875
1817,0.3753596414773514
1818,0.46747580560107543
1819,0.31115746247225246
1820,0.44934213158748576
1821,0.45020736473573925
1822,0.46735912563836124
1823,0.5072814236498392
1824,0.3592741568420309
1825,0.3399772295643747
1826,0.34853900064290966
1827,0.38966644748811186
1828,0.4175834181668489
1829,0.5072814236498392
1830,0.367883027649097
1831,0.3536990735243362
1832,0.38429365417227657
1833,0.49622904710853466
1834,0.4446079094881131
1835,0.538349428698451
1836,0.3512381456813339
1837,0.43861512727476565
1838,0.34853900064290966
1839,0.38429365417227657
1840,0.36379400801052225
1841,0.5563296632598312
1842,0.456558621222433
1843,0.38429365417227657
1844,0.3091480177445586
1845,0.2969592814205578
1846,0.5659072178574562
1847,0.4441994722130666
1848,0.3839023251899034
1849,0.49322871103629984
1850,0.4891387330702686
1851,0.34853900064290966
1852,0.4891643586650454
1853,0.538349428698451
1854,0.29392492087802874
1855,0.516496917720649
1856,0.38003905827351814
1857,0.5563296632598312
1858,0.5563296632598312
1859,0.4891387330702686
1860,0.318980279850649
1861,0.34507768892819995
1862,0.4446079094881131
1863,0.29587779428519884
1864,0.3222605309411566
1865,0.3512381456813339
1866,0.3242826992049628
1867,0.3091480177445586
1868,0.5347807005750639
1869,0.43861512727476565
1870,0.3091480177445586
1871,0.367883027649097
1872,0.3753596414773514
1873,0.3536990735243362
1874,0.44934213158748576
1875,0.3839023251899034
1876,0.5659072178574562
1877,0.3753596414773514
1878,0.3512381456813339
1879,0.38966644748811186
1880,0.5563296632598312
1881,0.36379400801052225
1882,0.38966644748811186
1883,0.35856836898471467
1884,0.4446079094881131
1885,0.44530689341111773
1886,0.38429365417227657
1887,0.5165688023032453
1888,0.46613873238310694
1889,0.538349428698451
1890,0.4503955416095778
1891,0.32392033033092565
1892,0.4984299619692875
1893,0.3957784507194054
1894,0.3839023251899034
1895,0.4672874697352734
1896,0.45020736473573925
1897,0.3140060059400595
1898,0.35856836898471467
1899,0.3942309107458166
1900,0.4984299619692875
1901,0.4446079094881131
1902,0.4446079094881131
1903,0.26894142136999505
1904,0.456558621222433
1905,0.318980279850649
1906,0.38429365417227657
1907,0.538349428698451
1908,0.3785597131418188
1909,0.44016293154524005
1910,0.4984299619692875
1911,0.28338990305268746
1912,0.31115746247225246
1913,0.538349428698451
1914,0.45020736473573925
1915,0.5439731571123325
1916,0.49479937403486535
1917,0.43526296414187965
1918,0.4441994722130666
1919,0.5563296632598312
1920,0.3343143161904113
1921,0.35856836898471467
1922,0.33963701444256206
1923,0.538349428698451
1924,0.38429365417227657
1925,0.29392492087802874
1926,0.46613873238310694
1927,0.46672247058692107
1928,0.4549523694235635
1929,0.4441994722130666
1930,0.3536990735243362
1931,0.485578730864053
1932,0.49322871103629984
1933,0.43861512727476565
1934,0.38966644748811186
1935,0.38429365417227657
1936,0.41168488732647984
1937,0.43300963895734423
1938,0.46735912563836124
1939,0.34507768892819995
1940,0.5040920277000773
1941,0.42376432896570176
1942,0.38966644748811186
1943,0.5073070558573923
1944,0.3785597131418188
1945,0.45020736473573925
1946,0.3536990735243362
1947,0.38068475683868086
1948,0.4441994722130666
1949,0.5345924700241121
1950,0.4875686971985944
1951,0.3536990735243362
1952,0.38429365417227657
1953,0.5166858502754675
1954,0.41974268016656197
1955,0.5135708585672297
1956,0.44016293154524005
1957,0.29392492087802874
1958,0.5659072178574562
1959,0.498885815603231
1960,0.538349428698451
1961,0.38966644748811186
1962,0.3785597131418188
1963,0.38429365417227657
1964,0.5023046718932033
1965,0.4891643586650454
1966,0.3753596414773514
1967,0.36967896599326855
1968,0.3140060059400595
1969,0.5563296632598312
1970,0.34853900064290966
1971,0.48416507120988567
1972,0.538349428698451
1973,0.4175834181668489
1974,0.3888352772279626
1975,0.4441994722130666
1976,0.4984299619692875
1977,0.318980279850649
1978,0.44083814458605136
1979,0.5659072178574562
1980,0.429369304743662
1981,0.4891643586650454
1982,0.33963701444256206
1983,0.318980279850649
1984,0.35856836898471467
1985,0.3529982038978378
1986,0.41168488732647984
1987,0.29392492087802874
1988,0.5563296632598312
1989,0.3536990735243362
1990,0.45020736473573925
1991,0.4446079094881131
1992,0.38966644748811186
1993,0.4549523694235635
1994,0.3107982031363197
1995,0.3581879965453701
1996,0.2969592814205578
1997,0.4175834181668489
1998,0.4891387330702686
1999,0.34853900064290966
2000,0.30348570989276935
2001,0.3606114158213209
2002,0.318980279850649
2003,0.3433361659472678
2004,0.5563296632598312
2005,0.3785597131418188
2006,0.43861512727476565
2007,0.516496917720649
2008,0.34853900064290966
2009,0.45020736473573925
2010,0.4842369626225421
2011,0.4446079094881131
2012,0.5439731571123325
2013,0.48239219462657557
2014,0.3643370483399518
2015,0.3536990735243362
2016,0.3839023251899034
2017,0.3239478886608276
2018,0.4984299619692875
2019,0.5563296632598312
2020,0.31115746247225246
2021,0.5479997720418147
2022,0.26894142136999505
2023,0.3239478886608276
2024,0.3785597131418188
2025,0.32392033033092565
2026,0.43533372236442186
2027,0.5439731571123325
2028,0.47311792455706303
2029,0.3382481530036617
2030,0.3753596414773514
2031,0.4062158841814792
2032,0.5165688023032453
2033,0.3957784507194054
2034,0.38429365417227657
2035,0.44083814458605136
2036,0.3536990735243362
2037,0.4446079094881131
2038,0.5563296632598312
2039,0.5345924700241121
2040,0.4446079094881131
2041,0.5165688023032453
2042,0.4446079094881131
2043,0.28614179144068297
2044,0.40632894418317195
2045,0.4061464545932355
2046,0.5563296632598312
2047,0.5165688023032453
2048,0.3236158492485122
2049,0.4175834181668489
2050,0.3785597131418188
2051,0.4446079094881131
2052,0.49364219008006716
2053,0.5659072178574562
2054,0.4441994722130666
2055,0.5165688023032453
2056,0.5073070558573923
2057,0.3673377563200302
2058,0.5073070558573923
2059,0.36379400801052225
2060,0.43533372236442186
2061,0.38966644748811186
2062,0.4446079094881131
2063,0.5563296632598312
2064,0.3536990735243362
2065,0.29392492087802874
2066,0.38429365417227657
2067,0.31115746247225246
2068,0.516496917720649
2069,0.3512381456813339
2070,0.5659072178574562
2071,0.3839023251899034
2072,0.3529982038978378
2073,0.3536990735243362
2074,0.3785597131418188
2075,0.46735912563836124
2076,0.48416507120988567
2077,0.30348570989276935
2078,0.5165688023032453
2079,0.4891643586650454
2080,0.34853900064290966
2081,0.538349428698451
2082,0.3140060059400595
2083,0.4062158841814792
2084,0.29392492087802874
2085,0.37497186954544875
2086,0.30829442664970513
2087,0.5073070558573923
2088,0.44716472835140725
2089,0.3839023251899034
2090,0.44934213158748576
2091,0.5563296632598312
2092,0.5023046718932033
2093,0.36379400801052225
2094,0.4984299619692875
2095,0.47311792455706303
2096,0.3839023251899034
2097,0.5659072178574562
2098,0.4441994722130666
2099,0.4153065003242955
2100,0.3289277142536854
2101,0.318980279850649
2102,0.41718115889910706
2103,0.34853900064290966
2104,0.29392492087802874
2105,0.4549523694235635
2106,0.46735912563836124
2107,0.4239490833791687
2108,0.4625945459665829
2109,0.4875686971985944
2110,0.4891387330702686
2111,0.3536990735243362
2112,0.5253331785438309
2113,0.30348570989276935
2114,0.3512381456813339
2115,0.36379400801052225
2116,0.3839023251899034
2117,0.28614179144068297
2118,0.5563296632598312
2119,0.499304010092337
2120,0.3785597131418188
2121,0.3140060059400595
2122,0.3785597131418188
2123,0.538349428698451
2124,0.5223393285643564
2125,0.4891643586650454
2126,0.38966644748811186
2127,0.2986471024397046
2128,0.4984299619692875
2129,0.38966644748811186
2130,0.318980279850649
2131,0.41471412256648105
2132,0.5563296632598312
2133,0.3382481530036617
2134,0.2955286080026265
2135,0.44934213158748576
2136,0.2986471024397046
2137,0.3536990735243362
2138,0.38966644748811186
2139,0.41471412256648105
2140,0.44934213158748576
2141,0.4891387330702686
2142,0.318980279850649
2143,0.3785597131418188
2144,0.4446079094881131
2145,0.4446079094881131
2146,0.2986471024397046
2147,0.34507768892819995
2148,0.5479997720418147
2149,0.4780980858106179
2150,0.3839023251899034
2151,0.5259616123496269
2152,0.3536990735243362
2153,0.43526296414187965
2154,0.29392492087802874
2155,0.4446079094881131
2156,0.31115746247225246
2157,0.34853900064290966
2158,0.5345924700241121
2159,0.41168488732647984
2160,0.29385102712762845
2161,0.38429365417227657
2162,0.4549523694235635
2163,0.43861512727476565
2164,0.4948250089387393
2165,0.34853900064290966
2166,0.28338990305268746
2167,0.3972131429806935
2168,0.38429365417227657
2169,0.5253331785438309
2170,0.3839023251899034
2171,0.456558621222433
2172,0.46747580560107543
2173,0.38429365417227657
2174,0.41532601318302653
2175,0.46747580560107543
2176,0.44934213158748576
2177,0.4898233418394247
2178,0.4984299619692875
2179,0.43861512727476565
2180,0.38429365417227657
2181,0.3536990735243362
2182,0.4231018044946507
2183,0.5165688023032453
2184,0.5563296632598312
2185,0.49322871103629984
2186,0.499304010092337
2187,0.4446079094881131
2188,0.30348570989276935
2189,0.5659072178574562
2190,0.4446079094881131
2191,0.45020736473573925
2192,0.3505905957593156
2193,0.375436479831444
2194,0.44934213158748576
2195,0.3536990735243362
2196,0.5166858502754675
2197,0.5347807005750639
2198,0.292252666821968
2199,0.4231018044946507
2200,0.43861512727476565
2201,0.34507768892819995
2202,0.44934213158748576
2203,0.5563296632598312
2204,0.3017823096650118
2205,0.3512381456813339
2206,0.33963701444256206
2207,0.5117845787610473
2208,0.4984299619692875
2209,0.39746697994195396
2210,0.5347807005750639
2211,0.3536990735243362
2212,0.5345924700241121
2213,0.4891387330702686
2214,0.3140060059400595
2215,0.3839023251899034
2216,0.29392492087802874
2217,0.5072094754980853
2218,0.3140060059400595
2219,0.456558621222433
2220,0.43526296414187965
2221,0.3289277142536854
2222,0.5563296632598312
2223,0.44934213158748576
2224,0.3091480177445586
2225,0.456558621222433
2226,0.32392033033092565
2227,0.30829442664970513
2228,0.29392492087802874
2229,0.4891643586650454
2230,0.3785597131418188
2231,0.538349428698451
2232,0.5221505621232763
2233,0.5073070558573923
2234,0.38068475683868086
2235,0.34853900064290966
2236,0.43861512727476565
2237,0.3512381456813339
2238,0.4875686971985944
2239,0.5345924700241121
2240,0.5072814236498392
2241,0.3505905957593156
2242,0.44934213158748576
2243,0.38966644748811186
2244,0.5740931585870862
2245,0.36379400801052225
2246,0.4446079094881131
2247,0.5166858502754675
2248,0.38966644748811186
2249,0.49364219008006716
2250,0.32392033033092565
2251,0.4441994722130666
2252,0.32392033033092565
2253,0.38966644748811186
2254,0.5563296632598312
2255,0.3002655975920692
2256,0.4446079094881131
2257,0.5040920277000773
2258,0.3536990735243362
2259,0.38068475683868086
2260,0.4531800258135029
2261,0.538349428698451
2262,0.29392492087802874
2263,0.46747580560107543
2264,0.318980279850649
2265,0.4984299619692875
2266,0.292252666821968
2267,0.3753596414773514
2268,0.46747580560107543
2269,0.38003905827351814
2270,0.3785597131418188
2271,0.5659072178574562
2272,0.5439731571123325
2273,0.3140060059400595
2274,0.3536990735243362
2275,0.3839023251899034
2276,0.4984299619692875
2277,0.5072094754980853
2278,0.44934213158748576
2279,0.46747580560107543
2280,0.3536990735243362
2281,0.44934213158748576
2282,0.3140060059400595
2283,0.2969592814205578
2284,0.4984299619692875
2285,0.5073070558573923
2286,0.44083814458605136
2287,0.318980279850649
2288,0.43861512727476565
2289,0.4984299619692875
2290,0.36379400801052225
2291,0.34853900064290966
2292,0.4761108591786844
2293,0.38966644748811186
2294,0.43861512727476565
2295,0.32392033033092565
2296,0.4441994722130666
2297,0.3839023251899034
2298,0.29392492087802874
2299,0.43485638998738746
2300,0.44934213158748576
2301,0.538349428698451
2302,0.32392033033092565
2303,0.45020736473573925
2304,0.29392492087802874
2305,0.5072094754980853
2306,0.35856836898471467
2307,0.318980279850649
2308,0.3399772295643747
2309,0.4446079094881131
2310,0.49322871103629984
2311,0.4446079094881131
2312,0.4446079094881131
2313,0.3536990735243362
2314,0.3091480177445586
2315,0.4441994722130666
2316,0.32392033033092565
2317,0.4061464545932355
2318,0.3942309107458166
2319,0.3536990735243362
2320,0.3785597131418188
2321,0.5659072178574562
2322,0.49364219008006716
2323,0.34853900064290966
2324,0.38429365417227657
2325,0.46747580560107543
2326,0.44934213158748576
2327,0.516496917720649
2328,0.3002655975920692
2329,0.516496917720649
2330,0.3540773088650398
2331,0.34853900064290966
2332,0.4026484400754671
2333,0.3536990735243362
2334,0.3536990735243362
2335,0.4175834181668489
2336,0.5887128362526476
2337,0.5073070558573923
2338,0.32392033033092565
2339,0.4875686971985944
2340,0.3382481530036617
2341,0.318980279850649
2342,0.292252666821968
2343,0.44016293154524005
2344,0.3107982031363197
2345,0.292252666821968
2346,0.4891643586650454
2347,0.39746697994195396
2348,0.5223393285643564
2349,0.3536990735243362
2350,0.4767395501071433
2351,0.4902280137717499
2352,0.318980279850649
2353,0.3536990735243362
2354,0.5659072178574562
2355,0.5563296632598312
2356,0.4729293343097205
2357,0.49364219008006716
2358,0.5563296632598312
2359,0.456558621222433
2360,0.3942309107458166
2361,0.38966644748811186
2362,0.38966644748811186
2363,0.4446079094881131
2364,0.38429365417227657
2365,0.44934213158748576
2366,0.4625945459665829
2367,0.35856836898471467
2368,0.3536990735243362
2369,0.4549523694235635
2370,0.292252666821968
2371,0.3536990735243362
2372,0.28338990305268746
2373,0.538349428698451
2374,0.4116205184750603
2375,0.5563296632598312
2376,0.3785597131418188
2377,0.5563296632598312
2378,0.38429365417227657
2379,0.4549523694235635
2380,0.3536990735243362
2381,0.4898233418394247
2382,0.4118037620732557
2383,0.45020736473573925
2384,0.46747580560107543
2385,0.4984299619692875
2386,0.3091480177445586
2387,0.3839023251899034
2388,0.44016293154524005
2389,0.3592741568420309
2390,0.3785597131418188
2391,0.4891643586650454
2392,0.5659072178574562
2393,0.5223393285643564
2394,0.2986471024397046
2395,0.318980279850649
2396,0.32392033033092565
2397,0.5073070558573923
2398,0.40160465289089325
2399,0.3785597131418188
2400,0.42090090232349586
2401,0.44016293154524005
2402,0.28611552100473886
2403,0.42745777807111196
2404,0.5562586122117344
2405,0.4549523694235635
2406,0.5563296632598312
2407,0.4672874697352734
2408,0.38966644748811186
2409,0.44934213158748576
2410,0.4441994722130666
2411,0.5479997720418147
2412,0.3972131429806935
2413,0.5563296632598312
2414,0.3785597131418188
2415,0.553603420873928
2416,0.5655995898943764
2417,0.46747580560107543
2418,0.38429365417227657
2419,0.38966644748811186
2420,0.5563296632598312
2421,0.3888352772279626
2422,0.43861512727476565
2423,0.42929877892597734
2424,0.3617081833819975
2425,0.46367402090691306
2426,0.5165688023032453
2427,0.38966644748811186
2428,0.3888352772279626
2429,0.5563296632598312
2430,0.3172918724210117
2431,0.5563296632598312
2432,0.44934213158748576
2433,0.4902280137717499
2434,0.49364219008006716
2435,0.3529982038978378
2436,0.5439731571123325
2437,0.38966644748811186
2438,0.3839023251899034
2439,0.38966644748811186
2440,0.538349428698451
2441,0.3592741568420309
2442,0.29392492087802874
2443,0.5023046718932033
2444,0.3091480177445586
2445,0.3540773088650398
2446,0.538349428698451
2447,0.5364775434673559
2448,0.4875686971985944
2449,0.3753596414773514
2450,0.5040920277000773
2451,0.3839023251899034
2452,0.292252666821968
2453,0.5479997720418147
2454,0.38966644748811186
2455,0.32392033033092565
2456,0.3536990735243362
2457,0.3753596414773514
2458,0.42929877892597734
2459,0.39746697994195396
2460,0.40632894418317195
2461,0.4984299619692875
2462,0.34853900064290966
2463,0.5563296632598312
2464,0.4441994722130666
2465,0.2986471024397046
2466,0.42090090232349586
2467,0.3433361659472678
2468,0.32392033033092565
2469,0.5439731571123325
2470,0.43526296414187965
2471,0.318980279850649
2472,0.4672874697352734
2473,0.38429365417227657
2474,0.3839023251899034
2475,0.4984299619692875
2476,0.38966644748811186
2477,0.36967896599326855
2478,0.38068475683868086
2479,0.5563296632598312
2480,0.3140060059400595
2481,0.3785597131418188
2482,0.5073070558573923
2483,0.318980279850649
2484,0.3785597131418188
2485,0.4984299619692875
2486,0.35856836898471467
2487,0.43861512727476565
2488,0.5439731571123325
2489,0.3536990735243362
2490,0.499304010092337
2491,0.3592741568420309
2492,0.3382481530036617
2493,0.34853900064290966
2494,0.4175834181668489
2495,0.36967896599326855
2496,0.4625945459665829
2497,0.3382481530036617
2498,0.5563296632598312
2499,0.43526296414187965
2500,0.3536990735243362
2501,0.4984299619692875
2502,0.3942309107458166
2503,0.5165688023032453
2504,0.49364219008006716
2505,0.43861512727476565
2506,0.5221505621232763
2507,0.29392492087802874
2508,0.3091480177445586
2509,0.3454516326670921
2510,0.4984299619692875
2511,0.4984299619692875
2512,0.33963701444256206
2513,0.43861512727476565
2514,0.3606114158213209
2515,0.45811807317366793
2516,0.3536990735243362
2517,0.45020736473573925
2518,0.3785597131418188
2519,0.4580466156943031
2520,0.5563296632598312
2521,0.5166858502754675
2522,0.38966644748811186
2523,0.3091480177445586
2524,0.29392492087802874
2525,0.4875686971985944
2526,0.43861512727476565
2527,0.35856836898471467
2528,0.38429365417227657
2529,0.318980279850649
2530,0.34853900064290966
2531,0.5073070558573923
2532,0.31115746247225246
2533,0.5165688023032453
2534,0.45020736473573925
2535,0.3942309107458166
2536,0.4984299619692875
2537,0.49364219008006716
2538,0.49364219008006716
2539,0.3505905957593156
2540,0.46735912563836124
2541,0.44375816756235714
2542,0.45020736473573925
2543,0.44016293154524005
2544,0.44934213158748576
2545,0.4274096006365117
2546,0.29392492087802874
2547,0.5165688023032453
2548,0.36379400801052225
2549,0.3785597131418188
2550,0.3289277142536854
2551,0.33963701444256206
2552,0.5023046718932033
2553,0.5040920277000773
2554,0.3785597131418188
2555,0.5165688023032453
2556,0.36519469087616624
2557,0.538349428698451
2558,0.38429365417227657
2559,0.38429365417227657
2560,0.36379400801052225
2561,0.4902280137717499
2562,0.5563296632598312
2563,0.538349428698451
2564,0.5563296632598312
2565,0.4672874697352734
2566,0.538349428698451
2567,0.5165688023032453
2568,0.29392492087802874
2569,0.516496917720649
2570,0.3785597131418188
2571,0.37497186954544875
2572,0.31115746247225246
2573,0.3785597131418188
2574,0.34853900064290966
2575,0.44934213158748576
2576,0.38429365417227657
2577,0.43861512727476565
2578,0.40632894418317195
2579,0.4231018044946507
2580,0.4625945459665829
2581,0.33963701444256206
2582,0.4984299619692875
2583,0.4441994722130666
2584,0.38068475683868086
2585,0.5165688023032453
2586,0.5117845787610473
2587,0.3888352772279626
2588,0.4580466156943031
2589,0.5479997720418147
2590,0.3536990735243362
2591,0.4625945459665829
2592,0.5563296632598312
2593,0.3839023251899034
2594,0.3536990735243362
2595,0.28338990305268746
2596,0.5040920277000773
2597,0.367883027649097
2598,0.367883027649097
2599,0.538349428698451
2600,0.36379400801052225
2601,0.40160465289089325
2602,0.34853900064290966
2603,0.5166858502754675
2604,0.4153065003242955
2605,0.38429365417227657
2606,0.29392492087802874
2607,0.4175834181668489
2608,0.3289277142536854
2609,0.34853900064290966
2610,0.538349428698451
2611,0.3839023251899034
2612,0.4891643586650454
2613,0.4181539776878944
2614,0.3512381456813339
2615,0.3957784507194054
2616,0.3140060059400595
2617,0.45020736473573925
2618,0.5439731571123325
2619,0.4231018044946507
2620,0.5073070558573923
2621,0.4984299619692875
2622,0.34853900064290966
2623,0.4549523694235635
2624,0.3754271353013982
2625,0.44934213158748576
2626,0.3091480177445586
2627,0.3140060059400595
2628,0.43861512727476565
2629,0.4446079094881131
2630,0.3581879965453701
2631,0.4948250089387393
2632,0.5563296632598312
2633,0.4175834181668489
2634,0.5563296632598312
2635,0.538349428698451
2636,0.5165688023032453
2637,0.3785597131418188
2638,0.3382481530036617
2639,0.4761108591786844
2640,0.318980279850649
2641,0.516496917720649
2642,0.3222605309411566
2643,0.3382481530036617
2644,0.5165688023032453
2645,0.32392033033092565
2646,0.32392033033092565
2647,0.4891643586650454
2648,0.44016293154524005
2649,0.5165688023032453
2650,0.43861512727476565
2651,0.4891643586650454
2652,0.38429365417227657
2653,0.43533372236442186
2654,0.3839023251899034
2655,0.392524762061132
2656,0.3512381456813339
2657,0.5165688023032453
2658,0.3785597131418188
2659,0.46613873238310694
2660,0.3785597131418188
2661,0.3785597131418188
2662,0.45020736473573925
2663,0.3753596414773514
2664,0.4231018044946507
2665,0.3785597131418188
2666,0.32392033033092565
2667,0.4580466156943031
2668,0.29392492087802874
2669,0.3839023251899034
2670,0.5659072178574562
2671,0.5563296632598312
2672,0.5659072178574562
2673,0.4175834181668489
2674,0.538349428698451
2675,0.4891387330702686
2676,0.538349428698451
2677,0.516496917720649
2678,0.4412373479352707
2679,0.34853900064290966
2680,0.4446079094881131
2681,0.4549523694235635
2682,0.5563296632598312
2683,0.45020736473573925
2684,0.43485638998738746
2685,0.45020736473573925
2686,0.3536990735243362
2687,0.46735912563836124
2688,0.46613873238310694
2689,0.4446079094881131
2690,0.5563296632598312
2691,0.3091480177445586
2692,0.28611552100473886
2693,0.48538974946040947
2694,0.34853900064290966
2695,0.49364219008006716
2696,0.5347807005750639
2697,0.4274096006365117
2698,0.38429365417227657
2699,0.5563296632598312
2700,0.43533372236442186
2701,0.40160465289089325
2702,0.46747580560107543
2703,0.38429365417227657
2704,0.5563296632598312
2705,0.3839023251899034
2706,0.35856836898471467
2707,0.2986471024397046
2708,0.4902280137717499
2709,0.5165688023032453
2710,0.516496917720649
2711,0.5563296632598312
2712,0.3785597131418188
2713,0.36967896599326855
2714,0.5165688023032453
2715,0.3839023251899034
2716,0.3536990735243362
2717,0.3839023251899034
2718,0.5563296632598312
2719,0.5563296632598312
2720,0.5165688023032453
2721,0.4761108591786844
2722,0.43526296414187965
2723,0.3239478886608276
2724,0.5165688023032453
2725,0.45811807317366793
2726,0.48416507120988567
2727,0.34853900064290966
2728,0.5563296632598312
2729,0.318980279850649
2730,0.5165688023032453
2731,0.38429365417227657
2732,0.5223393285643564
2733,0.44934213158748576
2734,0.34853900064290966
2735,0.3785597131418188
2736,0.4625945459665829
2737,0.3382481530036617
2738,0.38429365417227657
2739,0.5563296632598312
2740,0.34853900064290966
2741,0.44934213158748576
2742,0.3785597131418188
2743,0.4175834181668489
2744,0.3512381456813339
2745,0.3529982038978378
2746,0.46747580560107543
2747,0.5563296632598312
2748,0.2986471024397046
2749,0.538349428698451
2750,0.43526296414187965
2751,0.38429365417227657
2752,0.3536990735243362
2753,0.3785597131418188
2754,0.46735912563836124
2755,0.44934213158748576
2756,0.5563296632598312
2757,0.44530689341111773
2758,0.4984299619692875
2759,0.3785597131418188
2760,0.43526296414187965
2761,0.36967896599326855
2762,0.46735912563836124
2763,0.5117845787610473
2764,0.34853900064290966
2765,0.4274096006365117
2766,0.3753596414773514
2767,0.5659072178574562
2768,0.5439731571123325
2769,0.48538974946040947
2770,0.3382481530036617
2771,0.3785597131418188
2772,0.4717790105213312
2773,0.48375194655586334
